-- MySQL dump 10.13  Distrib 8.0.31, for Linux (x86_64)
--
-- Host: localhost    Database: candy_group
-- ------------------------------------------------------
-- Server version	8.0.31-0ubuntu0.22.04.1

/*!40101 SET @OLD_CHARACTER_SET_CLIENT=@@CHARACTER_SET_CLIENT */;
/*!40101 SET @OLD_CHARACTER_SET_RESULTS=@@CHARACTER_SET_RESULTS */;
/*!40101 SET @OLD_COLLATION_CONNECTION=@@COLLATION_CONNECTION */;
/*!50503 SET NAMES utf8mb4 */;
/*!40103 SET @OLD_TIME_ZONE=@@TIME_ZONE */;
/*!40103 SET TIME_ZONE='+00:00' */;
/*!40014 SET @OLD_UNIQUE_CHECKS=@@UNIQUE_CHECKS, UNIQUE_CHECKS=0 */;
/*!40014 SET @OLD_FOREIGN_KEY_CHECKS=@@FOREIGN_KEY_CHECKS, FOREIGN_KEY_CHECKS=0 */;
/*!40101 SET @OLD_SQL_MODE=@@SQL_MODE, SQL_MODE='NO_AUTO_VALUE_ON_ZERO' */;
/*!40111 SET @OLD_SQL_NOTES=@@SQL_NOTES, SQL_NOTES=0 */;

--
-- Table structure for table `SequelizeMeta`
--

DROP TABLE IF EXISTS `SequelizeMeta`;
/*!40101 SET @saved_cs_client     = @@character_set_client */;
/*!50503 SET character_set_client = utf8mb4 */;
CREATE TABLE `SequelizeMeta` (
  `name` varchar(255) CHARACTER SET utf8mb3 COLLATE utf8mb3_unicode_ci NOT NULL,
  PRIMARY KEY (`name`),
  UNIQUE KEY `name` (`name`)
) ENGINE=InnoDB DEFAULT CHARSET=utf8mb3 COLLATE=utf8mb3_unicode_ci;
/*!40101 SET character_set_client = @saved_cs_client */;

--
-- Dumping data for table `SequelizeMeta`
--

LOCK TABLES `SequelizeMeta` WRITE;
/*!40000 ALTER TABLE `SequelizeMeta` DISABLE KEYS */;
INSERT INTO `SequelizeMeta` VALUES ('20220904174329-create-user.js'),('20220906173333-create-botsettings.js'),('20220906191222-create-supervisor.js'),('20220906195146-create-job.js');
/*!40000 ALTER TABLE `SequelizeMeta` ENABLE KEYS */;
UNLOCK TABLES;

--
-- Table structure for table `Supervisors`
--

DROP TABLE IF EXISTS `Supervisors`;
/*!40101 SET @saved_cs_client     = @@character_set_client */;
/*!50503 SET character_set_client = utf8mb4 */;
CREATE TABLE `Supervisors` (
  `id` int NOT NULL AUTO_INCREMENT,
  `firstName` varchar(255) DEFAULT NULL,
  `lastName` varchar(255) DEFAULT NULL,
  `username` varchar(255) DEFAULT NULL,
  `chatId` varchar(120) DEFAULT NULL,
  `groupChatId` varchar(255) DEFAULT NULL,
  `createdAt` datetime NOT NULL,
  `updatedAt` datetime NOT NULL,
  PRIMARY KEY (`id`)
) ENGINE=InnoDB AUTO_INCREMENT=79 DEFAULT CHARSET=utf8mb4 COLLATE=utf8mb4_0900_ai_ci;
/*!40101 SET character_set_client = @saved_cs_client */;

--
-- Dumping data for table `Supervisors`
--

LOCK TABLES `Supervisors` WRITE;
/*!40000 ALTER TABLE `Supervisors` DISABLE KEYS */;
INSERT INTO `Supervisors` VALUES (23,'Asl Baraka','Askar',NULL,'5794433469','-1001534416119','2022-09-21 05:46:12','2022-09-21 05:46:12'),(24,'Ахылбек','....','None','5247806731','-1001534416119','2022-09-22 03:03:37','2022-09-22 03:03:37'),(25,'Қуатжан','Төре','None','928482871','-1001534416119','2022-09-22 03:05:38','2022-09-22 03:05:38'),(26,'Arslan','Dawletmuratov','None','5364488556','-1001534416119','2022-09-22 03:26:58','2022-09-22 03:26:58'),(27,'Арыслан','None','None','851434156','-1001534416119','2022-09-22 03:28:58','2022-09-22 03:28:58'),(28,'G\'ulam Sh Sh','None','None','933760322','-1001534416119','2022-09-22 03:37:19','2022-09-22 03:37:19'),(29,'Саламат','Мустафаев','None','5327696120','-1001534416119','2022-09-22 03:41:40','2022-09-22 03:41:40'),(30,'Улзадушка','None','ulzadushka3','1711135409','-1001534416119','2022-09-22 03:45:05','2022-09-22 03:45:05'),(31,'^^^','^^^','None','1388527501','-1001534416119','2022-09-22 03:47:05','2022-09-22 03:47:05'),(32,'Khotam','Xolmuradov','None','623862707','-1001534416119','2022-09-22 03:49:05','2022-09-22 03:49:05'),(33,'Kurbanbaev','Nuratdin','None','5353027327','-1001534416119','2022-09-22 03:51:05','2022-09-22 03:51:05'),(34,'Erpo.93','None','None','5324202979','-1001534416119','2022-09-22 03:53:56','2022-09-22 03:53:56'),(35,'Ширин','None','None','1351190189','-1001534416119','2022-09-22 03:56:18','2022-09-22 03:56:18'),(36,'Begzod O\'rinboyev','None','Fayz_candy_group','5186158972','-1001534416119','2022-09-22 03:58:19','2022-09-22 03:58:19'),(37,'Ансат','Fayz','None','5123992490','-1001534416119','2022-09-22 04:00:35','2022-09-22 04:00:35'),(38,'Fayz','Operator','fayzoperator1','5419486371','-1001534416119','2022-09-22 04:02:35','2022-09-22 04:02:35'),(39,'Zada','None','Shekhikaa','5419065988','-1001534416119','2022-09-22 04:04:35','2022-09-22 04:04:35'),(40,'Saliq','Bisenov','SALIQ_008','122004314','-1001760021496','2022-09-22 11:14:39','2022-09-22 11:14:39'),(67,'Maman Fayz','None','None','1809997806','-1001534416119','2022-09-23 03:41:47','2022-09-23 03:41:47'),(68,'Salamat','Tlewmuratov','None','5248988334','-1001534416119','2022-09-23 03:53:42','2022-09-23 03:53:42'),(70,NULL,NULL,NULL,'12345',NULL,'2022-10-27 17:47:26','2022-10-27 17:47:26'),(71,'he',NULL,'sdsdsd','123456','-10000334343','2022-10-27 17:50:06','2022-10-27 17:50:06'),(72,'Амангалиевна','None','A_Amangalievna','1003159534','-1001534416119','2022-10-28 03:32:47','2022-10-28 03:32:47'),(73,'𝐍𝐮𝐫𝐣𝐚𝐦𝐚𝐥 𝐊𝐡𝐮𝐝𝐚𝐲𝐛𝐞𝐫𝐠𝐞𝐧𝐨𝐯𝐚',NULL,'Khns07','1884462205','-1001534416119','2022-10-31 07:17:11','2022-10-31 07:17:11'),(74,'Begzod','O\'rinboev','None','5628027739','-1001534416119','2022-11-01 03:53:54','2022-11-01 03:53:54'),(75,'Askar uzmobile',NULL,NULL,'1672907871','-1001534416119','2022-11-03 14:36:05','2022-11-03 14:36:05'),(76,'АСЛ БАРАКА','Айсулу',NULL,'5449395528','-1001534416119','2022-11-23 04:49:33','2022-11-23 04:49:33'),(77,'Amangalievna',NULL,NULL,'5893553153','-1001534416119','2022-11-24 17:12:41','2022-11-24 17:12:41'),(78,'Fayz','Operator',NULL,'5914815104','-1001534416119','2022-11-26 04:47:02','2022-11-26 04:47:02');
/*!40000 ALTER TABLE `Supervisors` ENABLE KEYS */;
UNLOCK TABLES;

--
-- Table structure for table `botsettings`
--

DROP TABLE IF EXISTS `botsettings`;
/*!40101 SET @saved_cs_client     = @@character_set_client */;
/*!50503 SET character_set_client = utf8mb4 */;
CREATE TABLE `botsettings` (
  `id` int NOT NULL AUTO_INCREMENT,
  `startHour` int DEFAULT NULL,
  `endHour` int DEFAULT NULL,
  `startMinute` int DEFAULT NULL,
  `endMinute` int DEFAULT NULL,
  `chat_id` varchar(120) DEFAULT NULL,
  `ChecksendMinut` int NOT NULL,
  `ChecksendHour` int NOT NULL,
  `createdAt` datetime NOT NULL,
  `updatedAt` datetime NOT NULL,
  PRIMARY KEY (`id`)
) ENGINE=InnoDB AUTO_INCREMENT=2 DEFAULT CHARSET=utf8mb4 COLLATE=utf8mb4_0900_ai_ci;
/*!40101 SET character_set_client = @saved_cs_client */;

--
-- Dumping data for table `botsettings`
--

LOCK TABLES `botsettings` WRITE;
/*!40000 ALTER TABLE `botsettings` DISABLE KEYS */;
INSERT INTO `botsettings` VALUES (1,8,9,0,5,'478319772',10,9,'2022-09-07 22:29:01','2022-09-22 14:00:12');
/*!40000 ALTER TABLE `botsettings` ENABLE KEYS */;
UNLOCK TABLES;

--
-- Table structure for table `jobs`
--

DROP TABLE IF EXISTS `jobs`;
/*!40101 SET @saved_cs_client     = @@character_set_client */;
/*!50503 SET character_set_client = utf8mb4 */;
CREATE TABLE `jobs` (
  `id` int NOT NULL AUTO_INCREMENT,
  `url` varchar(255) DEFAULT NULL,
  `date` varchar(255) DEFAULT NULL,
  `supervisor` varchar(255) DEFAULT NULL,
  `createdAt` datetime NOT NULL,
  `updatedAt` datetime NOT NULL,
  `time` varchar(100) DEFAULT NULL,
  PRIMARY KEY (`id`)
) ENGINE=InnoDB AUTO_INCREMENT=486 DEFAULT CHARSET=utf8mb4 COLLATE=utf8mb4_0900_ai_ci;
/*!40101 SET character_set_client = @saved_cs_client */;

--
-- Dumping data for table `jobs`
--

LOCK TABLES `jobs` WRITE;
/*!40000 ALTER TABLE `jobs` DISABLE KEYS */;
INSERT INTO `jobs` VALUES (100,'https://t.me/fayzcandygroup/1342','2022-09-23','27','2022-09-23 03:13:11','2022-09-23 03:13:11','23/09/2022, 08:13:11'),(101,'https://t.me/fayzcandygroup/1343','2022-09-23','26','2022-09-23 03:22:25','2022-09-23 03:22:25','23/09/2022, 08:22:25'),(102,'https://t.me/fayzcandygroup/1344','2022-09-23','31','2022-09-23 03:33:28','2022-09-23 03:33:28','23/09/2022, 08:33:28'),(103,'https://t.me/fayzcandygroup/1345','2022-09-23','67','2022-09-23 03:41:47','2022-09-23 03:41:47','23/09/2022, 08:41:47'),(104,'https://t.me/fayzcandygroup/1346','2022-09-23','34','2022-09-23 03:45:03','2022-09-23 03:45:03','23/09/2022, 08:45:03'),(105,'https://t.me/fayzcandygroup/1347','2022-09-23','34','2022-09-23 03:45:21','2022-09-23 03:45:21','23/09/2022, 08:45:21'),(106,'https://t.me/fayzcandygroup/1348','2022-09-23','28','2022-09-23 03:48:12','2022-09-23 03:48:12','23/09/2022, 08:48:12'),(107,'https://t.me/fayzcandygroup/1349','2022-09-23','23','2022-09-23 03:49:05','2022-09-23 03:49:05','23/09/2022, 08:49:05'),(108,'https://t.me/fayzcandygroup/1350','2022-09-23','33','2022-09-23 03:49:09','2022-09-23 03:49:09','23/09/2022, 08:49:09'),(109,'https://t.me/fayzcandygroup/1351','2022-09-23','32','2022-09-23 03:49:24','2022-09-23 03:49:24','23/09/2022, 08:49:24'),(110,'https://t.me/fayzcandygroup/1352','2022-09-23','30','2022-09-23 03:52:35','2022-09-23 03:52:35','23/09/2022, 08:52:35'),(111,'https://t.me/fayzcandygroup/1353','2022-09-23','37','2022-09-23 03:53:36','2022-09-23 03:53:36','23/09/2022, 08:53:36'),(112,'https://t.me/fayzcandygroup/1354','2022-09-23','68','2022-09-23 03:53:42','2022-09-23 03:53:42','23/09/2022, 08:53:42'),(113,'https://t.me/fayzcandygroup/1356','2022-09-23','35','2022-09-23 03:57:30','2022-09-23 03:57:30','23/09/2022, 08:57:30'),(114,'https://t.me/fayzcandygroup/1357','2022-09-23','24','2022-09-23 03:57:50','2022-09-23 03:57:50','23/09/2022, 08:57:50'),(115,'https://t.me/fayzcandygroup/1358','2022-09-23','36','2022-09-23 03:58:03','2022-09-23 03:58:03','23/09/2022, 08:58:03'),(116,'https://t.me/fayzcandygroup/1359','2022-09-23','29','2022-09-23 03:58:33','2022-09-23 03:58:33','23/09/2022, 08:58:33'),(117,'https://t.me/fayzcandygroup/1360','2022-09-23','39','2022-09-23 03:59:42','2022-09-23 03:59:42','23/09/2022, 08:59:42'),(118,'https://t.me/fayzcandygroup/1376','2022-09-24','27','2022-09-24 03:11:33','2022-09-24 03:11:33','24/09/2022, 08:11:33'),(119,'https://t.me/fayzcandygroup/1377','2022-09-24','26','2022-09-24 03:18:24','2022-09-24 03:18:24','24/09/2022, 08:18:24'),(120,'https://t.me/fayzcandygroup/1378','2022-09-24','24','2022-09-24 03:22:56','2022-09-24 03:22:56','24/09/2022, 08:22:56'),(121,'https://t.me/fayzcandygroup/1379','2022-09-24','33','2022-09-24 03:40:35','2022-09-24 03:40:35','24/09/2022, 08:40:35'),(122,'https://t.me/fayzcandygroup/1380','2022-09-24','34','2022-09-24 03:54:41','2022-09-24 03:54:41','24/09/2022, 08:54:41'),(123,'https://t.me/fayzcandygroup/1381','2022-09-24','68','2022-09-24 03:54:46','2022-09-24 03:54:46','24/09/2022, 08:54:46'),(124,'https://t.me/fayzcandygroup/1382','2022-09-24','29','2022-09-24 03:54:56','2022-09-24 03:54:56','24/09/2022, 08:54:56'),(125,'https://t.me/fayzcandygroup/1383','2022-09-24','35','2022-09-24 03:56:34','2022-09-24 03:56:34','24/09/2022, 08:56:34'),(126,'https://t.me/fayzcandygroup/1384','2022-09-24','67','2022-09-24 03:56:40','2022-09-24 03:56:40','24/09/2022, 08:56:40'),(127,'https://t.me/fayzcandygroup/1385','2022-09-24','36','2022-09-24 03:57:24','2022-09-24 03:57:24','24/09/2022, 08:57:24'),(128,'https://t.me/fayzcandygroup/1386','2022-09-24','28','2022-09-24 03:57:28','2022-09-24 03:57:28','24/09/2022, 08:57:28'),(129,'https://t.me/fayzcandygroup/1387','2022-09-24','38','2022-09-24 03:58:02','2022-09-24 03:58:02','24/09/2022, 08:58:02'),(130,'https://t.me/fayzcandygroup/1388','2022-09-24','37','2022-09-24 03:59:57','2022-09-24 03:59:57','24/09/2022, 08:59:57'),(131,'https://t.me/fayzcandygroup/1389','2022-09-24','31','2022-09-24 04:00:06','2022-09-24 04:00:06','24/09/2022, 09:00:06'),(132,'https://t.me/fayzcandygroup/1390','2022-09-24','30','2022-09-24 04:00:19','2022-09-24 04:00:19','24/09/2022, 09:00:19'),(133,'https://t.me/fayzcandygroup/1402','2022-09-26','27','2022-09-26 03:14:05','2022-09-26 03:14:05','26/09/2022, 08:14:05'),(134,'https://t.me/fayzcandygroup/1403','2022-09-26','25','2022-09-26 03:26:25','2022-09-26 03:26:25','26/09/2022, 08:26:25'),(135,'https://t.me/fayzcandygroup/1404','2022-09-26','26','2022-09-26 03:31:36','2022-09-26 03:31:36','26/09/2022, 08:31:36'),(136,'https://t.me/fayzcandygroup/1405','2022-09-26','35','2022-09-26 03:32:36','2022-09-26 03:32:36','26/09/2022, 08:32:36'),(137,'https://t.me/fayzcandygroup/1406','2022-09-26','30','2022-09-26 03:42:21','2022-09-26 03:42:21','26/09/2022, 08:42:21'),(138,'https://t.me/fayzcandygroup/1407','2022-09-26','29','2022-09-26 03:43:49','2022-09-26 03:43:49','26/09/2022, 08:43:49'),(139,'https://t.me/fayzcandygroup/1408','2022-09-26','31','2022-09-26 03:51:42','2022-09-26 03:51:42','26/09/2022, 08:51:42'),(140,'https://t.me/fayzcandygroup/1409','2022-09-26','28','2022-09-26 03:55:12','2022-09-26 03:55:12','26/09/2022, 08:55:12'),(141,'https://t.me/fayzcandygroup/1410','2022-09-26','24','2022-09-26 03:55:16','2022-09-26 03:55:16','26/09/2022, 08:55:16'),(142,'https://t.me/fayzcandygroup/1411','2022-09-26','34','2022-09-26 03:56:11','2022-09-26 03:56:11','26/09/2022, 08:56:11'),(143,'https://t.me/fayzcandygroup/1412','2022-09-26','33','2022-09-26 03:56:13','2022-09-26 03:56:13','26/09/2022, 08:56:13'),(144,'https://t.me/fayzcandygroup/1413','2022-09-26','68','2022-09-26 03:57:22','2022-09-26 03:57:22','26/09/2022, 08:57:22'),(145,'https://t.me/fayzcandygroup/1414','2022-09-26','67','2022-09-26 03:58:13','2022-09-26 03:58:13','26/09/2022, 08:58:13'),(146,'https://t.me/fayzcandygroup/1415','2022-09-26','39','2022-09-26 03:59:43','2022-09-26 03:59:43','26/09/2022, 08:59:43'),(147,'https://t.me/fayzcandygroup/1416','2022-09-26','37','2022-09-26 04:00:02','2022-09-26 04:00:02','26/09/2022, 09:00:02'),(148,'https://t.me/fayzcandygroup/1417','2022-09-26','23','2022-09-26 04:00:17','2022-09-26 04:00:17','26/09/2022, 09:00:17'),(149,'https://t.me/fayzcandygroup/1418','2022-09-26','38','2022-09-26 04:00:41','2022-09-26 04:00:41','26/09/2022, 09:00:41'),(150,'https://t.me/fayzcandygroup/1419','2022-09-26','36','2022-09-26 04:04:43','2022-09-26 04:04:43','26/09/2022, 09:04:43'),(151,'https://t.me/fayzcandygroup/1428','2022-09-27','27','2022-09-27 03:28:23','2022-09-27 03:28:23','27/09/2022, 08:28:23'),(152,'https://t.me/fayzcandygroup/1429','2022-09-27','26','2022-09-27 03:29:33','2022-09-27 03:29:33','27/09/2022, 08:29:33'),(153,'https://t.me/fayzcandygroup/1430','2022-09-27','28','2022-09-27 03:42:38','2022-09-27 03:42:38','27/09/2022, 08:42:38'),(154,'https://t.me/fayzcandygroup/1431','2022-09-27','33','2022-09-27 03:50:34','2022-09-27 03:50:34','27/09/2022, 08:50:34'),(155,'https://t.me/fayzcandygroup/1432','2022-09-27','29','2022-09-27 03:50:55','2022-09-27 03:50:55','27/09/2022, 08:50:55'),(156,'https://t.me/fayzcandygroup/1433','2022-09-27','23','2022-09-27 03:52:50','2022-09-27 03:52:50','27/09/2022, 08:52:50'),(157,'https://t.me/fayzcandygroup/1434','2022-09-27','67','2022-09-27 03:53:25','2022-09-27 03:53:25','27/09/2022, 08:53:25'),(158,'https://t.me/fayzcandygroup/1435','2022-09-27','32','2022-09-27 03:55:58','2022-09-27 03:55:58','27/09/2022, 08:55:58'),(159,'https://t.me/fayzcandygroup/1436','2022-09-27','31','2022-09-27 03:56:12','2022-09-27 03:56:12','27/09/2022, 08:56:12'),(160,'https://t.me/fayzcandygroup/1437','2022-09-27','68','2022-09-27 03:59:02','2022-09-27 03:59:02','27/09/2022, 08:59:02'),(161,'https://t.me/fayzcandygroup/1438','2022-09-27','38','2022-09-27 04:00:30','2022-09-27 04:00:30','27/09/2022, 09:00:30'),(162,'https://t.me/fayzcandygroup/1439','2022-09-27','24','2022-09-27 04:00:33','2022-09-27 04:00:33','27/09/2022, 09:00:33'),(163,'https://t.me/fayzcandygroup/1440','2022-09-27','30','2022-09-27 04:02:04','2022-09-27 04:02:04','27/09/2022, 09:02:04'),(164,'https://t.me/fayzcandygroup/1441','2022-09-27','37','2022-09-27 04:02:24','2022-09-27 04:02:24','27/09/2022, 09:02:24'),(165,'https://t.me/fayzcandygroup/1442','2022-09-27','39','2022-09-27 04:03:17','2022-09-27 04:03:17','27/09/2022, 09:03:17'),(166,'https://t.me/fayzcandygroup/1443','2022-09-27','35','2022-09-27 04:03:45','2022-09-27 04:03:45','27/09/2022, 09:03:45'),(167,'https://t.me/fayzcandygroup/1444','2022-09-27','36','2022-09-27 04:03:52','2022-09-27 04:03:52','27/09/2022, 09:03:52'),(168,'https://t.me/fayzcandygroup/1450','2022-09-28','27','2022-09-28 03:29:04','2022-09-28 03:29:04','28/09/2022, 08:29:04'),(169,'https://t.me/fayzcandygroup/1451','2022-09-28','26','2022-09-28 03:29:28','2022-09-28 03:29:28','28/09/2022, 08:29:28'),(170,'https://t.me/fayzcandygroup/1452','2022-09-28','37','2022-09-28 03:52:33','2022-09-28 03:52:33','28/09/2022, 08:52:33'),(171,'https://t.me/fayzcandygroup/1453','2022-09-28','23','2022-09-28 03:54:25','2022-09-28 03:54:25','28/09/2022, 08:54:25'),(172,'https://t.me/fayzcandygroup/1454','2022-09-28','32','2022-09-28 03:56:25','2022-09-28 03:56:25','28/09/2022, 08:56:25'),(173,'https://t.me/fayzcandygroup/1455','2022-09-28','30','2022-09-28 03:57:20','2022-09-28 03:57:20','28/09/2022, 08:57:20'),(174,'https://t.me/fayzcandygroup/1456','2022-09-28','34','2022-09-28 03:57:21','2022-09-28 03:57:21','28/09/2022, 08:57:21'),(175,'https://t.me/fayzcandygroup/1457','2022-09-28','31','2022-09-28 03:58:44','2022-09-28 03:58:44','28/09/2022, 08:58:44'),(176,'https://t.me/fayzcandygroup/1458','2022-09-28','33','2022-09-28 03:59:52','2022-09-28 03:59:52','28/09/2022, 08:59:52'),(177,'https://t.me/fayzcandygroup/1459','2022-09-28','39','2022-09-28 04:02:30','2022-09-28 04:02:30','28/09/2022, 09:02:30'),(178,'https://t.me/fayzcandygroup/1460','2022-09-28','29','2022-09-28 04:02:37','2022-09-28 04:02:37','28/09/2022, 09:02:37'),(179,'https://t.me/fayzcandygroup/1461','2022-09-28','36','2022-09-28 04:03:24','2022-09-28 04:03:24','28/09/2022, 09:03:24'),(180,'https://t.me/fayzcandygroup/1462','2022-09-28','68','2022-09-28 04:03:52','2022-09-28 04:03:52','28/09/2022, 09:03:52'),(181,'https://t.me/fayzcandygroup/1463','2022-09-28','28','2022-09-28 04:04:13','2022-09-28 04:04:13','28/09/2022, 09:04:13'),(182,'https://t.me/fayzcandygroup/1469','2022-09-29','25','2022-09-29 03:17:44','2022-09-29 03:17:44','29/09/2022, 08:17:44'),(183,'https://t.me/fayzcandygroup/1470','2022-09-29','26','2022-09-29 03:35:08','2022-09-29 03:35:08','29/09/2022, 08:35:08'),(184,'https://t.me/fayzcandygroup/1471','2022-09-29','27','2022-09-29 03:46:33','2022-09-29 03:46:33','29/09/2022, 08:46:33'),(185,'https://t.me/fayzcandygroup/1472','2022-09-29','24','2022-09-29 03:48:06','2022-09-29 03:48:06','29/09/2022, 08:48:06'),(186,'https://t.me/fayzcandygroup/1473','2022-09-29','29','2022-09-29 03:48:56','2022-09-29 03:48:56','29/09/2022, 08:48:56'),(187,'https://t.me/fayzcandygroup/1474','2022-09-29','30','2022-09-29 03:49:49','2022-09-29 03:49:49','29/09/2022, 08:49:49'),(188,'https://t.me/fayzcandygroup/1475','2022-09-29','23','2022-09-29 03:54:15','2022-09-29 03:54:15','29/09/2022, 08:54:15'),(189,'https://t.me/fayzcandygroup/1476','2022-09-29','31','2022-09-29 03:55:09','2022-09-29 03:55:09','29/09/2022, 08:55:09'),(190,'https://t.me/fayzcandygroup/1477','2022-09-29','67','2022-09-29 03:57:26','2022-09-29 03:57:26','29/09/2022, 08:57:26'),(191,'https://t.me/fayzcandygroup/1478','2022-09-29','28','2022-09-29 03:57:29','2022-09-29 03:57:29','29/09/2022, 08:57:29'),(192,'https://t.me/fayzcandygroup/1479','2022-09-29','34','2022-09-29 03:58:01','2022-09-29 03:58:01','29/09/2022, 08:58:01'),(193,'https://t.me/fayzcandygroup/1480','2022-09-29','33','2022-09-29 03:58:06','2022-09-29 03:58:06','29/09/2022, 08:58:06'),(194,'https://t.me/fayzcandygroup/1481','2022-09-29','32','2022-09-29 04:01:39','2022-09-29 04:01:39','29/09/2022, 09:01:39'),(195,'https://t.me/fayzcandygroup/1482','2022-09-29','35','2022-09-29 04:01:40','2022-09-29 04:01:40','29/09/2022, 09:01:40'),(196,'https://t.me/fayzcandygroup/1483','2022-09-29','68','2022-09-29 04:02:30','2022-09-29 04:02:30','29/09/2022, 09:02:30'),(197,'https://t.me/fayzcandygroup/1484','2022-09-29','39','2022-09-29 04:02:56','2022-09-29 04:02:56','29/09/2022, 09:02:56'),(198,'https://t.me/fayzcandygroup/1485','2022-09-29','36','2022-09-29 04:04:37','2022-09-29 04:04:37','29/09/2022, 09:04:37'),(199,'https://t.me/fayzcandygroup/1486','2022-09-29','37','2022-09-29 04:04:52','2022-09-29 04:04:52','29/09/2022, 09:04:52'),(200,'https://t.me/fayzcandygroup/1493','2022-09-30','27','2022-09-30 03:30:43','2022-09-30 03:30:43','30/09/2022, 08:30:43'),(201,'https://t.me/fayzcandygroup/1494','2022-09-30','26','2022-09-30 03:32:30','2022-09-30 03:32:30','30/09/2022, 08:32:30'),(202,'https://t.me/fayzcandygroup/1495','2022-09-30','35','2022-09-30 03:40:16','2022-09-30 03:40:16','30/09/2022, 08:40:16'),(203,'https://t.me/fayzcandygroup/1496','2022-09-30','23','2022-09-30 03:48:56','2022-09-30 03:48:56','30/09/2022, 08:48:56'),(204,'https://t.me/fayzcandygroup/1497','2022-09-30','30','2022-09-30 03:50:15','2022-09-30 03:50:15','30/09/2022, 08:50:15'),(205,'https://t.me/fayzcandygroup/1498','2022-09-30','29','2022-09-30 03:52:31','2022-09-30 03:52:31','30/09/2022, 08:52:31'),(206,'https://t.me/fayzcandygroup/1499','2022-09-30','31','2022-09-30 03:55:14','2022-09-30 03:55:14','30/09/2022, 08:55:14'),(207,'https://t.me/fayzcandygroup/1500','2022-09-30','37','2022-09-30 03:57:05','2022-09-30 03:57:05','30/09/2022, 08:57:05'),(208,'https://t.me/fayzcandygroup/1501','2022-09-30','33','2022-09-30 03:59:18','2022-09-30 03:59:18','30/09/2022, 08:59:18'),(209,'https://t.me/fayzcandygroup/1502','2022-09-30','34','2022-09-30 03:59:38','2022-09-30 03:59:38','30/09/2022, 08:59:38'),(210,'https://t.me/fayzcandygroup/1503','2022-09-30','39','2022-09-30 04:03:03','2022-09-30 04:03:03','30/09/2022, 09:03:03'),(211,'https://t.me/fayzcandygroup/1504','2022-09-30','24','2022-09-30 04:03:26','2022-09-30 04:03:26','30/09/2022, 09:03:26'),(212,'https://t.me/fayzcandygroup/1505','2022-09-30','36','2022-09-30 04:03:37','2022-09-30 04:03:37','30/09/2022, 09:03:37'),(213,'https://t.me/fayzcandygroup/1573','2022-10-05','27','2022-10-05 03:10:32','2022-10-05 03:10:32','05/10/2022, 08:10:32'),(214,'https://t.me/fayzcandygroup/1574','2022-10-05','26','2022-10-05 03:21:53','2022-10-05 03:21:53','05/10/2022, 08:21:53'),(215,'https://t.me/fayzcandygroup/1575','2022-10-05','25','2022-10-05 03:42:28','2022-10-05 03:42:28','05/10/2022, 08:42:28'),(216,'https://t.me/fayzcandygroup/1576','2022-10-05','29','2022-10-05 03:47:20','2022-10-05 03:47:20','05/10/2022, 08:47:20'),(217,'https://t.me/fayzcandygroup/1577','2022-10-05','23','2022-10-05 03:47:29','2022-10-05 03:47:29','05/10/2022, 08:47:29'),(218,'https://t.me/fayzcandygroup/1578','2022-10-05','30','2022-10-05 03:49:11','2022-10-05 03:49:11','05/10/2022, 08:49:11'),(219,'https://t.me/fayzcandygroup/1579','2022-10-05','31','2022-10-05 03:51:50','2022-10-05 03:51:50','05/10/2022, 08:51:50'),(220,'https://t.me/fayzcandygroup/1580','2022-10-05','32','2022-10-05 03:52:18','2022-10-05 03:52:18','05/10/2022, 08:52:18'),(221,'https://t.me/fayzcandygroup/1581','2022-10-05','68','2022-10-05 04:02:49','2022-10-05 04:02:49','05/10/2022, 09:02:49'),(222,'https://t.me/fayzcandygroup/1582','2022-10-05','35','2022-10-05 04:03:40','2022-10-05 04:03:40','05/10/2022, 09:03:40'),(223,'https://t.me/fayzcandygroup/1583','2022-10-05','37','2022-10-05 04:04:10','2022-10-05 04:04:10','05/10/2022, 09:04:10'),(224,'https://t.me/fayzcandygroup/1584','2022-10-05','24','2022-10-05 04:04:24','2022-10-05 04:04:24','05/10/2022, 09:04:24'),(225,'https://t.me/fayzcandygroup/1594','2022-10-06','27','2022-10-06 03:30:37','2022-10-06 03:30:37','06/10/2022, 08:30:37'),(226,'https://t.me/fayzcandygroup/1595','2022-10-06','26','2022-10-06 03:31:23','2022-10-06 03:31:23','06/10/2022, 08:31:23'),(227,'https://t.me/fayzcandygroup/1596','2022-10-06','25','2022-10-06 03:38:31','2022-10-06 03:38:31','06/10/2022, 08:38:31'),(228,'https://t.me/fayzcandygroup/1597','2022-10-06','31','2022-10-06 03:44:49','2022-10-06 03:44:49','06/10/2022, 08:44:49'),(229,'https://t.me/fayzcandygroup/1598','2022-10-06','29','2022-10-06 03:48:02','2022-10-06 03:48:02','06/10/2022, 08:48:02'),(230,'https://t.me/fayzcandygroup/1599','2022-10-06','28','2022-10-06 03:53:19','2022-10-06 03:53:19','06/10/2022, 08:53:19'),(231,'https://t.me/fayzcandygroup/1600','2022-10-06','23','2022-10-06 03:55:39','2022-10-06 03:55:39','06/10/2022, 08:55:39'),(232,'https://t.me/fayzcandygroup/1601','2022-10-06','68','2022-10-06 03:56:51','2022-10-06 03:56:51','06/10/2022, 08:56:51'),(233,'https://t.me/fayzcandygroup/1602','2022-10-06','32','2022-10-06 03:57:22','2022-10-06 03:57:22','06/10/2022, 08:57:22'),(234,'https://t.me/fayzcandygroup/1603','2022-10-06','24','2022-10-06 03:58:50','2022-10-06 03:58:50','06/10/2022, 08:58:50'),(235,'https://t.me/fayzcandygroup/1604','2022-10-06','37','2022-10-06 03:59:32','2022-10-06 03:59:32','06/10/2022, 08:59:32'),(236,'https://t.me/fayzcandygroup/1605','2022-10-06','30','2022-10-06 04:01:31','2022-10-06 04:01:31','06/10/2022, 09:01:31'),(237,'https://t.me/fayzcandygroup/1606','2022-10-06','39','2022-10-06 04:03:42','2022-10-06 04:03:42','06/10/2022, 09:03:42'),(238,'https://t.me/fayzcandygroup/1607','2022-10-06','35','2022-10-06 04:03:47','2022-10-06 04:03:47','06/10/2022, 09:03:47'),(239,'https://t.me/fayzcandygroup/1608','2022-10-06','38','2022-10-06 04:04:42','2022-10-06 04:04:42','06/10/2022, 09:04:42'),(240,'https://t.me/fayzcandygroup/1609','2022-10-06','33','2022-10-06 04:04:45','2022-10-06 04:04:45','06/10/2022, 09:04:45'),(241,'https://t.me/username/2','2022-10-27','70','2022-10-27 17:47:26','2022-10-27 17:47:26','27/10/2022, 22:47:26'),(242,'https://t.me/username/2','2022-10-27','71','2022-10-27 17:50:06','2022-10-27 17:50:06','27/10/2022, 22:50:06'),(243,'https://t.me/c/1534416119/1936','2022-10-28','67','2022-10-28 03:20:15','2022-10-28 03:20:15','28/10/2022, 08:20:15'),(244,'https://t.me/c/1534416119/1937','2022-10-28','25','2022-10-28 03:30:31','2022-10-28 03:30:31','28/10/2022, 08:30:31'),(245,'https://t.me/c/1534416119/1938','2022-10-28','72','2022-10-28 03:32:47','2022-10-28 03:32:47','28/10/2022, 08:32:47'),(246,'https://t.me/c/1534416119/1939','2022-10-28','26','2022-10-28 03:55:24','2022-10-28 03:55:24','28/10/2022, 08:55:24'),(247,'https://t.me/c/1534416119/1940','2022-10-28','27','2022-10-28 03:58:15','2022-10-28 03:58:15','28/10/2022, 08:58:15'),(248,'https://t.me/c/1534416119/1942','2022-10-28','30','2022-10-28 04:00:16','2022-10-28 04:00:16','28/10/2022, 09:00:16'),(249,'https://t.me/c/1534416119/1943','2022-10-28','34','2022-10-28 04:00:36','2022-10-28 04:00:36','28/10/2022, 09:00:36'),(250,'https://t.me/c/1534416119/1944','2022-10-28','31','2022-10-28 04:02:22','2022-10-28 04:02:22','28/10/2022, 09:02:22'),(251,'https://t.me/c/1534416119/1945','2022-10-28','35','2022-10-28 04:02:23','2022-10-28 04:02:23','28/10/2022, 09:02:23'),(252,'https://t.me/c/1534416119/1952','2022-10-29','27','2022-10-29 03:19:14','2022-10-29 03:19:14','29/10/2022, 08:19:14'),(253,'https://t.me/c/1534416119/1953','2022-10-29','72','2022-10-29 03:32:26','2022-10-29 03:32:26','29/10/2022, 08:32:26'),(254,'https://t.me/c/1534416119/1954','2022-10-29','26','2022-10-29 03:39:41','2022-10-29 03:39:41','29/10/2022, 08:39:41'),(255,'https://t.me/c/1534416119/1955','2022-10-29','30','2022-10-29 03:48:02','2022-10-29 03:48:02','29/10/2022, 08:48:02'),(256,'https://t.me/c/1534416119/1956','2022-10-29','23','2022-10-29 03:56:13','2022-10-29 03:56:13','29/10/2022, 08:56:13'),(257,'https://t.me/c/1534416119/1957','2022-10-29','25','2022-10-29 04:04:14','2022-10-29 04:04:14','29/10/2022, 09:04:14'),(258,'https://t.me/c/1534416119/1978','2022-10-31','27','2022-10-31 03:33:04','2022-10-31 03:33:04','31/10/2022, 08:33:04'),(259,'https://t.me/c/1534416119/1979','2022-10-31','72','2022-10-31 03:33:18','2022-10-31 03:33:18','31/10/2022, 08:33:18'),(260,'https://t.me/c/1534416119/1980','2022-10-31','67','2022-10-31 03:40:50','2022-10-31 03:40:50','31/10/2022, 08:40:50'),(261,'https://t.me/c/1534416119/1981','2022-10-31','26','2022-10-31 03:41:50','2022-10-31 03:41:50','31/10/2022, 08:41:50'),(262,'https://t.me/c/1534416119/1982','2022-10-31','30','2022-10-31 03:47:25','2022-10-31 03:47:25','31/10/2022, 08:47:25'),(263,'https://t.me/c/1534416119/1983','2022-10-31','31','2022-10-31 03:52:10','2022-10-31 03:52:10','31/10/2022, 08:52:10'),(264,'https://t.me/c/1534416119/1984','2022-10-31','29','2022-10-31 04:02:08','2022-10-31 04:02:08','31/10/2022, 09:02:08'),(265,'https://t.me/c/1534416119/1985','2022-10-31','35','2022-10-31 04:02:44','2022-10-31 04:02:44','31/10/2022, 09:02:44'),(266,'https://t.me/c/1534416119/1995','2022-11-01','34','2022-11-01 03:30:41','2022-11-01 03:30:41','01/11/2022, 08:30:41'),(267,'https://t.me/c/1534416119/1996','2022-11-01','67','2022-11-01 03:31:38','2022-11-01 03:31:38','01/11/2022, 08:31:38'),(268,'https://t.me/c/1534416119/1997','2022-11-01','72','2022-11-01 03:32:17','2022-11-01 03:32:17','01/11/2022, 08:32:17'),(269,'https://t.me/c/1534416119/1998','2022-11-01','31','2022-11-01 03:50:06','2022-11-01 03:50:06','01/11/2022, 08:50:06'),(270,'https://t.me/c/1534416119/1999','2022-11-01','26','2022-11-01 03:52:56','2022-11-01 03:52:56','01/11/2022, 08:52:56'),(271,'https://t.me/c/1534416119/2000','2022-11-01','74','2022-11-01 03:53:54','2022-11-01 03:53:54','01/11/2022, 08:53:54'),(272,'https://t.me/c/1534416119/2001','2022-11-01','30','2022-11-01 04:01:02','2022-11-01 04:01:02','01/11/2022, 09:01:02'),(273,'https://t.me/c/1534416119/2002','2022-11-01','34','2022-11-01 04:02:33','2022-11-01 04:02:33','01/11/2022, 09:02:33'),(274,'https://t.me/c/1534416119/2003','2022-11-01','37','2022-11-01 04:03:04','2022-11-01 04:03:04','01/11/2022, 09:03:04'),(275,'https://t.me/c/1534416119/2004','2022-11-01','29','2022-11-01 04:03:18','2022-11-01 04:03:18','01/11/2022, 09:03:18'),(276,'https://t.me/c/1534416119/2005','2022-11-01','24','2022-11-01 04:04:04','2022-11-01 04:04:04','01/11/2022, 09:04:04'),(277,'https://t.me/c/1534416119/2014','2022-11-02','72','2022-11-02 03:14:49','2022-11-02 03:14:49','02/11/2022, 08:14:49'),(278,'https://t.me/c/1534416119/2015','2022-11-02','72','2022-11-02 03:15:01','2022-11-02 03:15:01','02/11/2022, 08:15:01'),(279,'https://t.me/c/1534416119/2016','2022-11-02','30','2022-11-02 03:36:16','2022-11-02 03:36:16','02/11/2022, 08:36:16'),(280,'https://t.me/c/1534416119/2017','2022-11-02','29','2022-11-02 03:46:20','2022-11-02 03:46:20','02/11/2022, 08:46:20'),(281,'https://t.me/c/1534416119/2018','2022-11-02','29','2022-11-02 03:46:55','2022-11-02 03:46:55','02/11/2022, 08:46:55'),(282,'https://t.me/c/1534416119/2019','2022-11-02','34','2022-11-02 03:54:14','2022-11-02 03:54:14','02/11/2022, 08:54:14'),(283,'https://t.me/c/1534416119/2020','2022-11-02','31','2022-11-02 03:56:25','2022-11-02 03:56:25','02/11/2022, 08:56:25'),(284,'https://t.me/c/1534416119/2021','2022-11-02','73','2022-11-02 04:01:40','2022-11-02 04:01:40','02/11/2022, 09:01:40'),(285,'https://t.me/c/1534416119/2022','2022-11-02','23','2022-11-02 04:03:27','2022-11-02 04:03:27','02/11/2022, 09:03:27'),(286,'https://t.me/c/1534416119/2023','2022-11-02','24','2022-11-02 04:04:25','2022-11-02 04:04:25','02/11/2022, 09:04:25'),(287,'https://t.me/c/1534416119/2030','2022-11-03','72','2022-11-03 03:40:37','2022-11-03 03:40:37','03/11/2022, 08:40:37'),(288,'https://t.me/c/1534416119/2031','2022-11-03','30','2022-11-03 03:43:32','2022-11-03 03:43:32','03/11/2022, 08:43:32'),(289,'https://t.me/c/1534416119/2032','2022-11-03','73','2022-11-03 03:44:35','2022-11-03 03:44:35','03/11/2022, 08:44:35'),(290,'https://t.me/c/1534416119/2033','2022-11-03','74','2022-11-03 03:51:25','2022-11-03 03:51:25','03/11/2022, 08:51:25'),(291,'https://t.me/c/1534416119/2034','2022-11-03','31','2022-11-03 03:56:10','2022-11-03 03:56:10','03/11/2022, 08:56:10'),(292,'https://t.me/c/1534416119/2035','2022-11-03','32','2022-11-03 04:00:29','2022-11-03 04:00:29','03/11/2022, 09:00:29'),(293,'https://t.me/c/1534416119/2036','2022-11-03','67','2022-11-03 04:01:07','2022-11-03 04:01:07','03/11/2022, 09:01:07'),(294,'https://t.me/c/1534416119/2037','2022-11-03','27','2022-11-03 04:04:20','2022-11-03 04:04:20','03/11/2022, 09:04:20'),(295,'https://t.me/c/1534416119/2038','2022-11-03','37','2022-11-03 04:04:40','2022-11-03 04:04:40','03/11/2022, 09:04:40'),(296,'https://t.me/c/1534416119/2048','2022-11-04','67','2022-11-04 03:30:06','2022-11-04 03:30:06','04/11/2022, 08:30:06'),(297,'https://t.me/c/1534416119/2049','2022-11-04','26','2022-11-04 03:35:45','2022-11-04 03:35:45','04/11/2022, 08:35:45'),(298,'https://t.me/c/1534416119/2050','2022-11-04','68','2022-11-04 03:37:15','2022-11-04 03:37:15','04/11/2022, 08:37:15'),(299,'https://t.me/c/1534416119/2051','2022-11-04','30','2022-11-04 03:43:41','2022-11-04 03:43:41','04/11/2022, 08:43:41'),(300,'https://t.me/c/1534416119/2052','2022-11-04','72','2022-11-04 03:52:14','2022-11-04 03:52:14','04/11/2022, 08:52:14'),(301,'https://t.me/c/1534416119/2053','2022-11-04','31','2022-11-04 03:55:03','2022-11-04 03:55:03','04/11/2022, 08:55:03'),(302,'https://t.me/c/1534416119/2054','2022-11-04','34','2022-11-04 03:55:28','2022-11-04 03:55:28','04/11/2022, 08:55:28'),(303,'https://t.me/c/1534416119/2055','2022-11-04','27','2022-11-04 03:56:14','2022-11-04 03:56:14','04/11/2022, 08:56:14'),(304,'https://t.me/c/1534416119/2056','2022-11-04','75','2022-11-04 03:59:41','2022-11-04 03:59:41','04/11/2022, 08:59:41'),(305,'https://t.me/c/1534416119/2057','2022-11-04','74','2022-11-04 03:59:42','2022-11-04 03:59:42','04/11/2022, 08:59:42'),(306,'https://t.me/c/1534416119/2058','2022-11-04','24','2022-11-04 04:04:48','2022-11-04 04:04:48','04/11/2022, 09:04:48'),(307,'https://t.me/c/1534416119/2068','2022-11-05','72','2022-11-05 03:37:26','2022-11-05 03:37:26','05/11/2022, 08:37:26'),(308,'https://t.me/c/1534416119/2069','2022-11-05','24','2022-11-05 03:41:06','2022-11-05 03:41:06','05/11/2022, 08:41:06'),(309,'https://t.me/c/1534416119/2070','2022-11-05','30','2022-11-05 03:47:14','2022-11-05 03:47:14','05/11/2022, 08:47:14'),(310,'https://t.me/c/1534416119/2071','2022-11-05','75','2022-11-05 03:56:14','2022-11-05 03:56:14','05/11/2022, 08:56:14'),(311,'https://t.me/c/1534416119/2072','2022-11-05','26','2022-11-05 03:58:33','2022-11-05 03:58:33','05/11/2022, 08:58:33'),(312,'https://t.me/c/1534416119/2073','2022-11-05','31','2022-11-05 03:58:38','2022-11-05 03:58:38','05/11/2022, 08:58:38'),(313,'https://t.me/c/1534416119/2074','2022-11-05','29','2022-11-05 04:00:11','2022-11-05 04:00:11','05/11/2022, 09:00:11'),(314,'https://t.me/c/1534416119/2075','2022-11-05','27','2022-11-05 04:01:36','2022-11-05 04:01:36','05/11/2022, 09:01:36'),(315,'https://t.me/c/1534416119/2076','2022-11-05','67','2022-11-05 04:02:10','2022-11-05 04:02:10','05/11/2022, 09:02:10'),(316,'https://t.me/c/1534416119/2077','2022-11-05','74','2022-11-05 04:03:25','2022-11-05 04:03:25','05/11/2022, 09:03:25'),(317,'https://t.me/c/1534416119/2078','2022-11-05','74','2022-11-05 04:03:48','2022-11-05 04:03:48','05/11/2022, 09:03:48'),(318,'https://t.me/c/1534416119/2088','2022-11-07','72','2022-11-07 03:11:53','2022-11-07 03:11:53','07/11/2022, 08:11:53'),(319,'https://t.me/c/1534416119/2089','2022-11-07','27','2022-11-07 03:31:15','2022-11-07 03:31:15','07/11/2022, 08:31:15'),(320,'https://t.me/c/1534416119/2090','2022-11-07','26','2022-11-07 03:42:41','2022-11-07 03:42:41','07/11/2022, 08:42:41'),(321,'https://t.me/c/1534416119/2091','2022-11-07','67','2022-11-07 03:50:35','2022-11-07 03:50:35','07/11/2022, 08:50:35'),(322,'https://t.me/c/1534416119/2092','2022-11-07','75','2022-11-07 03:52:32','2022-11-07 03:52:32','07/11/2022, 08:52:32'),(323,'https://t.me/c/1534416119/2093','2022-11-07','31','2022-11-07 04:02:59','2022-11-07 04:02:59','07/11/2022, 09:02:59'),(324,'https://t.me/c/1534416119/2094','2022-11-07','29','2022-11-07 04:04:13','2022-11-07 04:04:13','07/11/2022, 09:04:13'),(325,'https://t.me/c/1534416119/2107','2022-11-08','72','2022-11-08 03:26:06','2022-11-08 03:26:06','08/11/2022, 08:26:06'),(326,'https://t.me/c/1534416119/2108','2022-11-08','26','2022-11-08 03:47:23','2022-11-08 03:47:23','08/11/2022, 08:47:23'),(327,'https://t.me/c/1534416119/2109','2022-11-08','67','2022-11-08 03:49:44','2022-11-08 03:49:44','08/11/2022, 08:49:44'),(328,'https://t.me/c/1534416119/2110','2022-11-08','29','2022-11-08 03:52:09','2022-11-08 03:52:09','08/11/2022, 08:52:09'),(329,'https://t.me/c/1534416119/2111','2022-11-08','30','2022-11-08 03:56:40','2022-11-08 03:56:40','08/11/2022, 08:56:40'),(330,'https://t.me/c/1534416119/2112','2022-11-08','75','2022-11-08 03:57:07','2022-11-08 03:57:07','08/11/2022, 08:57:07'),(331,'https://t.me/c/1534416119/2113','2022-11-08','24','2022-11-08 04:03:12','2022-11-08 04:03:12','08/11/2022, 09:03:12'),(332,'https://t.me/c/1534416119/2114','2022-11-08','31','2022-11-08 04:03:28','2022-11-08 04:03:28','08/11/2022, 09:03:28'),(333,'https://t.me/c/1534416119/2121','2022-11-09','72','2022-11-09 03:36:26','2022-11-09 03:36:26','09/11/2022, 08:36:26'),(334,'https://t.me/c/1534416119/2122','2022-11-09','72','2022-11-09 03:36:42','2022-11-09 03:36:42','09/11/2022, 08:36:42'),(335,'https://t.me/c/1534416119/2123','2022-11-09','67','2022-11-09 03:46:53','2022-11-09 03:46:53','09/11/2022, 08:46:53'),(336,'https://t.me/c/1534416119/2124','2022-11-09','27','2022-11-09 03:46:53','2022-11-09 03:46:53','09/11/2022, 08:46:53'),(337,'https://t.me/c/1534416119/2125','2022-11-09','30','2022-11-09 03:47:41','2022-11-09 03:47:41','09/11/2022, 08:47:41'),(338,'https://t.me/c/1534416119/2126','2022-11-09','23','2022-11-09 03:57:41','2022-11-09 03:57:41','09/11/2022, 08:57:41'),(339,'https://t.me/c/1534416119/2127','2022-11-09','24','2022-11-09 03:59:55','2022-11-09 03:59:55','09/11/2022, 08:59:55'),(340,'https://t.me/c/1534416119/2128','2022-11-09','75','2022-11-09 04:01:20','2022-11-09 04:01:20','09/11/2022, 09:01:20'),(341,'https://t.me/c/1534416119/2129','2022-11-09','24','2022-11-09 04:02:52','2022-11-09 04:02:52','09/11/2022, 09:02:52'),(342,'https://t.me/c/1534416119/2130','2022-11-09','35','2022-11-09 04:03:33','2022-11-09 04:03:33','09/11/2022, 09:03:33'),(343,'https://t.me/c/1534416119/2140','2022-11-10','72','2022-11-10 03:25:26','2022-11-10 03:25:26','10/11/2022, 08:25:26'),(344,'https://t.me/c/1534416119/2141','2022-11-10','26','2022-11-10 03:42:33','2022-11-10 03:42:33','10/11/2022, 08:42:33'),(345,'https://t.me/c/1534416119/2142','2022-11-10','67','2022-11-10 03:44:04','2022-11-10 03:44:04','10/11/2022, 08:44:04'),(346,'https://t.me/c/1534416119/2143','2022-11-10','34','2022-11-10 03:56:36','2022-11-10 03:56:36','10/11/2022, 08:56:36'),(347,'https://t.me/c/1534416119/2144','2022-11-10','74','2022-11-10 03:58:40','2022-11-10 03:58:40','10/11/2022, 08:58:40'),(348,'https://t.me/c/1534416119/2145','2022-11-10','23','2022-11-10 03:59:15','2022-11-10 03:59:15','10/11/2022, 08:59:15'),(349,'https://t.me/c/1534416119/2146','2022-11-10','75','2022-11-10 03:59:30','2022-11-10 03:59:30','10/11/2022, 08:59:30'),(350,'https://t.me/c/1534416119/2147','2022-11-10','30','2022-11-10 04:02:50','2022-11-10 04:02:50','10/11/2022, 09:02:50'),(351,'https://t.me/c/1534416119/2148','2022-11-10','25','2022-11-10 04:03:32','2022-11-10 04:03:32','10/11/2022, 09:03:32'),(352,'https://t.me/c/1534416119/2159','2022-11-11','25','2022-11-11 03:18:53','2022-11-11 03:18:53','11/11/2022, 08:18:53'),(353,'https://t.me/c/1534416119/2160','2022-11-11','67','2022-11-11 03:43:03','2022-11-11 03:43:03','11/11/2022, 08:43:03'),(354,'https://t.me/c/1534416119/2161','2022-11-11','26','2022-11-11 03:47:46','2022-11-11 03:47:46','11/11/2022, 08:47:46'),(355,'https://t.me/c/1534416119/2162','2022-11-11','72','2022-11-11 03:49:30','2022-11-11 03:49:30','11/11/2022, 08:49:30'),(356,'https://t.me/c/1534416119/2163','2022-11-11','75','2022-11-11 03:54:45','2022-11-11 03:54:45','11/11/2022, 08:54:45'),(357,'https://t.me/c/1534416119/2164','2022-11-11','28','2022-11-11 04:00:35','2022-11-11 04:00:35','11/11/2022, 09:00:35'),(358,'https://t.me/c/1534416119/2165','2022-11-11','27','2022-11-11 04:04:03','2022-11-11 04:04:03','11/11/2022, 09:04:03'),(359,'https://t.me/c/1534416119/2166','2022-11-11','24','2022-11-11 04:04:41','2022-11-11 04:04:41','11/11/2022, 09:04:41'),(360,'https://t.me/c/1534416119/2177','2022-11-12','24','2022-11-12 03:36:56','2022-11-12 03:36:56','12/11/2022, 08:36:56'),(361,'https://t.me/c/1534416119/2178','2022-11-12','72','2022-11-12 03:47:19','2022-11-12 03:47:19','12/11/2022, 08:47:19'),(362,'https://t.me/c/1534416119/2179','2022-11-12','26','2022-11-12 03:48:24','2022-11-12 03:48:24','12/11/2022, 08:48:24'),(363,'https://t.me/c/1534416119/2180','2022-11-12','67','2022-11-12 03:48:45','2022-11-12 03:48:45','12/11/2022, 08:48:45'),(364,'https://t.me/c/1534416119/2181','2022-11-12','28','2022-11-12 03:56:28','2022-11-12 03:56:28','12/11/2022, 08:56:28'),(365,'https://t.me/c/1534416119/2182','2022-11-12','30','2022-11-12 03:59:09','2022-11-12 03:59:09','12/11/2022, 08:59:09'),(366,'https://t.me/c/1534416119/2183','2022-11-12','75','2022-11-12 04:02:32','2022-11-12 04:02:32','12/11/2022, 09:02:32'),(367,'https://t.me/c/1534416119/2197','2022-11-14','72','2022-11-14 03:25:58','2022-11-14 03:25:58','14/11/2022, 08:25:58'),(368,'https://t.me/c/1534416119/2198','2022-11-14','28','2022-11-14 03:50:19','2022-11-14 03:50:19','14/11/2022, 08:50:19'),(369,'https://t.me/c/1534416119/2199','2022-11-14','26','2022-11-14 03:56:23','2022-11-14 03:56:23','14/11/2022, 08:56:23'),(370,'https://t.me/c/1534416119/2200','2022-11-14','31','2022-11-14 03:57:30','2022-11-14 03:57:30','14/11/2022, 08:57:30'),(371,'https://t.me/c/1534416119/2201','2022-11-14','67','2022-11-14 03:58:22','2022-11-14 03:58:22','14/11/2022, 08:58:22'),(372,'https://t.me/c/1534416119/2202','2022-11-14','30','2022-11-14 03:59:26','2022-11-14 03:59:26','14/11/2022, 08:59:26'),(373,'https://t.me/c/1534416119/2203','2022-11-14','75','2022-11-14 04:04:24','2022-11-14 04:04:24','14/11/2022, 09:04:24'),(374,'https://t.me/c/1534416119/2249','2022-11-17','24','2022-11-17 03:34:25','2022-11-17 03:34:25','17/11/2022, 08:34:25'),(375,'https://t.me/c/1534416119/2250','2022-11-17','27','2022-11-17 03:35:04','2022-11-17 03:35:04','17/11/2022, 08:35:04'),(376,'https://t.me/c/1534416119/2251','2022-11-17','72','2022-11-17 03:41:26','2022-11-17 03:41:26','17/11/2022, 08:41:26'),(377,'https://t.me/c/1534416119/2252','2022-11-17','28','2022-11-17 03:55:27','2022-11-17 03:55:27','17/11/2022, 08:55:27'),(378,'https://t.me/c/1534416119/2253','2022-11-17','26','2022-11-17 03:57:18','2022-11-17 03:57:18','17/11/2022, 08:57:18'),(379,'https://t.me/c/1534416119/2254','2022-11-17','75','2022-11-17 03:57:27','2022-11-17 03:57:27','17/11/2022, 08:57:27'),(380,'https://t.me/c/1534416119/2255','2022-11-17','67','2022-11-17 03:59:27','2022-11-17 03:59:27','17/11/2022, 08:59:27'),(381,'https://t.me/c/1534416119/2268','2022-11-18','23','2022-11-18 03:36:15','2022-11-18 03:36:15','18/11/2022, 08:36:15'),(382,'https://t.me/c/1534416119/2269','2022-11-18','72','2022-11-18 03:43:10','2022-11-18 03:43:10','18/11/2022, 08:43:10'),(383,'https://t.me/c/1534416119/2270','2022-11-18','26','2022-11-18 03:43:57','2022-11-18 03:43:57','18/11/2022, 08:43:57'),(384,'https://t.me/c/1534416119/2271','2022-11-18','35','2022-11-18 03:47:00','2022-11-18 03:47:00','18/11/2022, 08:47:00'),(385,'https://t.me/c/1534416119/2272','2022-11-18','31','2022-11-18 04:01:38','2022-11-18 04:01:38','18/11/2022, 09:01:38'),(386,'https://t.me/c/1534416119/2273','2022-11-18','27','2022-11-18 04:03:27','2022-11-18 04:03:27','18/11/2022, 09:03:27'),(387,'https://t.me/c/1534416119/2283','2022-11-19','24','2022-11-19 03:39:04','2022-11-19 03:39:04','19/11/2022, 08:39:04'),(388,'https://t.me/c/1534416119/2284','2022-11-19','26','2022-11-19 03:55:25','2022-11-19 03:55:25','19/11/2022, 08:55:25'),(389,'https://t.me/c/1534416119/2285','2022-11-19','23','2022-11-19 03:57:13','2022-11-19 03:57:13','19/11/2022, 08:57:13'),(390,'https://t.me/c/1534416119/2286','2022-11-19','28','2022-11-19 04:00:34','2022-11-19 04:00:34','19/11/2022, 09:00:34'),(391,'https://t.me/c/1534416119/2287','2022-11-19','75','2022-11-19 04:04:33','2022-11-19 04:04:33','19/11/2022, 09:04:33'),(392,'https://t.me/c/1534416119/2297','2022-11-21','32','2022-11-21 03:43:10','2022-11-21 03:43:10','21/11/2022, 08:43:10'),(393,'https://t.me/c/1534416119/2298','2022-11-21','31','2022-11-21 03:46:43','2022-11-21 03:46:43','21/11/2022, 08:46:43'),(394,'https://t.me/c/1534416119/2299','2022-11-21','28','2022-11-21 03:49:08','2022-11-21 03:49:08','21/11/2022, 08:49:08'),(395,'https://t.me/c/1534416119/2300','2022-11-21','75','2022-11-21 03:57:08','2022-11-21 03:57:08','21/11/2022, 08:57:08'),(396,'https://t.me/c/1534416119/2301','2022-11-21','24','2022-11-21 04:00:31','2022-11-21 04:00:31','21/11/2022, 09:00:31'),(397,'https://t.me/c/1534416119/2302','2022-11-21','35','2022-11-21 04:02:24','2022-11-21 04:02:24','21/11/2022, 09:02:24'),(398,'https://t.me/c/1534416119/2310','2022-11-22','72','2022-11-22 03:20:36','2022-11-22 03:20:36','22/11/2022, 08:20:36'),(399,'https://t.me/c/1534416119/2311','2022-11-22','26','2022-11-22 03:39:17','2022-11-22 03:39:17','22/11/2022, 08:39:17'),(400,'https://t.me/c/1534416119/2312','2022-11-22','27','2022-11-22 03:46:02','2022-11-22 03:46:02','22/11/2022, 08:46:02'),(401,'https://t.me/c/1534416119/2313','2022-11-22','67','2022-11-22 03:53:05','2022-11-22 03:53:05','22/11/2022, 08:53:05'),(402,'https://t.me/c/1534416119/2314','2022-11-22','30','2022-11-22 03:57:46','2022-11-22 03:57:46','22/11/2022, 08:57:46'),(403,'https://t.me/c/1534416119/2315','2022-11-22','34','2022-11-22 03:58:47','2022-11-22 03:58:47','22/11/2022, 08:58:47'),(404,'https://t.me/c/1534416119/2316','2022-11-22','74','2022-11-22 04:00:32','2022-11-22 04:00:32','22/11/2022, 09:00:32'),(405,'https://t.me/c/1534416119/2317','2022-11-22','31','2022-11-22 04:03:04','2022-11-22 04:03:04','22/11/2022, 09:03:04'),(406,'https://t.me/c/1534416119/2318','2022-11-22','75','2022-11-22 04:03:49','2022-11-22 04:03:49','22/11/2022, 09:03:49'),(407,'https://t.me/c/1534416119/2325','2022-11-23','72','2022-11-23 03:32:37','2022-11-23 03:32:37','23/11/2022, 08:32:37'),(408,'https://t.me/c/1534416119/2326','2022-11-23','31','2022-11-23 03:48:27','2022-11-23 03:48:27','23/11/2022, 08:48:27'),(409,'https://t.me/c/1534416119/2327','2022-11-23','26','2022-11-23 03:56:08','2022-11-23 03:56:08','23/11/2022, 08:56:08'),(410,'https://t.me/c/1534416119/2328','2022-11-23','75','2022-11-23 03:59:57','2022-11-23 03:59:57','23/11/2022, 08:59:57'),(411,'https://t.me/c/1534416119/2329','2022-11-23','28','2022-11-23 04:00:43','2022-11-23 04:00:43','23/11/2022, 09:00:43'),(412,'https://t.me/c/1534416119/2330','2022-11-23','24','2022-11-23 04:02:17','2022-11-23 04:02:17','23/11/2022, 09:02:17'),(413,'https://t.me/c/1534416119/2331','2022-11-23','30','2022-11-23 04:03:25','2022-11-23 04:03:25','23/11/2022, 09:03:25'),(414,'https://t.me/c/1534416119/2340','2022-11-24','72','2022-11-24 03:40:15','2022-11-24 03:40:15','24/11/2022, 08:40:15'),(415,'https://t.me/c/1534416119/2341','2022-11-24','24','2022-11-24 03:55:11','2022-11-24 03:55:11','24/11/2022, 08:55:11'),(416,'https://t.me/c/1534416119/2342','2022-11-24','75','2022-11-24 03:57:59','2022-11-24 03:57:59','24/11/2022, 08:57:59'),(417,'https://t.me/c/1534416119/2343','2022-11-24','30','2022-11-24 03:59:54','2022-11-24 03:59:54','24/11/2022, 08:59:54'),(418,'https://t.me/c/1534416119/2344','2022-11-24','23','2022-11-24 04:04:05','2022-11-24 04:04:05','24/11/2022, 09:04:05'),(419,'https://t.me/c/1534416119/2345','2022-11-24','25','2022-11-24 04:04:31','2022-11-24 04:04:31','24/11/2022, 09:04:31'),(420,'https://t.me/c/1534416119/2355','2022-11-25','77','2022-11-25 03:11:15','2022-11-25 03:11:15','25/11/2022, 08:11:15'),(421,'https://t.me/c/1534416119/2356','2022-11-25','26','2022-11-25 03:37:05','2022-11-25 03:37:05','25/11/2022, 08:37:05'),(422,'https://t.me/c/1534416119/2357','2022-11-25','27','2022-11-25 03:42:37','2022-11-25 03:42:37','25/11/2022, 08:42:37'),(423,'https://t.me/c/1534416119/2358','2022-11-25','75','2022-11-25 03:49:40','2022-11-25 03:49:40','25/11/2022, 08:49:40'),(424,'https://t.me/c/1534416119/2359','2022-11-25','23','2022-11-25 03:50:51','2022-11-25 03:50:51','25/11/2022, 08:50:51'),(425,'https://t.me/c/1534416119/2360','2022-11-25','31','2022-11-25 03:58:08','2022-11-25 03:58:08','25/11/2022, 08:58:08'),(426,'https://t.me/c/1534416119/2361','2022-11-25','28','2022-11-25 03:58:31','2022-11-25 03:58:31','25/11/2022, 08:58:31'),(427,'https://t.me/c/1534416119/2362','2022-11-25','24','2022-11-25 04:02:07','2022-11-25 04:02:07','25/11/2022, 09:02:07'),(428,'https://t.me/c/1534416119/2363','2022-11-25','32','2022-11-25 04:04:32','2022-11-25 04:04:32','25/11/2022, 09:04:32'),(429,'https://t.me/c/1534416119/2369','2022-11-26','24','2022-11-26 03:20:47','2022-11-26 03:20:47','26/11/2022, 08:20:47'),(430,'https://t.me/c/1534416119/2370','2022-11-26','77','2022-11-26 03:31:09','2022-11-26 03:31:09','26/11/2022, 08:31:09'),(431,'https://t.me/c/1534416119/2371','2022-11-26','27','2022-11-26 03:31:43','2022-11-26 03:31:43','26/11/2022, 08:31:43'),(432,'https://t.me/c/1534416119/2372','2022-11-26','28','2022-11-26 03:37:32','2022-11-26 03:37:32','26/11/2022, 08:37:32'),(433,'https://t.me/c/1534416119/2373','2022-11-26','31','2022-11-26 03:57:48','2022-11-26 03:57:48','26/11/2022, 08:57:48'),(434,'https://t.me/c/1534416119/2384','2022-11-28','27','2022-11-28 03:41:26','2022-11-28 03:41:26','28/11/2022, 08:41:26'),(435,'https://t.me/c/1534416119/2385','2022-11-28','30','2022-11-28 03:52:15','2022-11-28 03:52:15','28/11/2022, 08:52:15'),(436,'https://t.me/c/1534416119/2386','2022-11-28','75','2022-11-28 03:56:19','2022-11-28 03:56:19','28/11/2022, 08:56:19'),(437,'https://t.me/c/1534416119/2387','2022-11-28','31','2022-11-28 03:59:36','2022-11-28 03:59:36','28/11/2022, 08:59:36'),(438,'https://t.me/c/1534416119/2388','2022-11-28','24','2022-11-28 04:00:45','2022-11-28 04:00:45','28/11/2022, 09:00:45'),(439,'https://t.me/c/1534416119/2389','2022-11-28','67','2022-11-28 04:02:01','2022-11-28 04:02:01','28/11/2022, 09:02:01'),(440,'https://t.me/c/1534416119/2401','2022-11-29','27','2022-11-29 03:24:13','2022-11-29 03:24:13','29/11/2022, 08:24:13'),(441,'https://t.me/c/1534416119/2402','2022-11-29','77','2022-11-29 03:30:53','2022-11-29 03:30:53','29/11/2022, 08:30:53'),(442,'https://t.me/c/1534416119/2403','2022-11-29','77','2022-11-29 03:31:13','2022-11-29 03:31:13','29/11/2022, 08:31:13'),(443,'https://t.me/c/1534416119/2404','2022-11-29','30','2022-11-29 03:53:24','2022-11-29 03:53:24','29/11/2022, 08:53:24'),(444,'https://t.me/c/1534416119/2405','2022-11-29','75','2022-11-29 03:54:35','2022-11-29 03:54:35','29/11/2022, 08:54:35'),(445,'https://t.me/c/1534416119/2406','2022-11-29','67','2022-11-29 03:59:40','2022-11-29 03:59:40','29/11/2022, 08:59:40'),(446,'https://t.me/c/1534416119/2407','2022-11-29','23','2022-11-29 04:02:03','2022-11-29 04:02:03','29/11/2022, 09:02:03'),(447,'https://t.me/c/1534416119/2408','2022-11-29','31','2022-11-29 04:03:20','2022-11-29 04:03:20','29/11/2022, 09:03:20'),(448,'https://t.me/c/1534416119/2409','2022-11-29','24','2022-11-29 04:04:59','2022-11-29 04:04:59','29/11/2022, 09:04:59'),(449,'https://t.me/c/1534416119/2418','2022-11-30','77','2022-11-30 03:28:50','2022-11-30 03:28:50','30/11/2022, 08:28:50'),(450,'https://t.me/c/1534416119/2419','2022-11-30','28','2022-11-30 03:31:38','2022-11-30 03:31:38','30/11/2022, 08:31:38'),(451,'https://t.me/c/1534416119/2420','2022-11-30','23','2022-11-30 03:47:01','2022-11-30 03:47:01','30/11/2022, 08:47:01'),(452,'https://t.me/c/1534416119/2421','2022-11-30','23','2022-11-30 03:47:18','2022-11-30 03:47:18','30/11/2022, 08:47:18'),(453,'https://t.me/c/1534416119/2422','2022-11-30','68','2022-11-30 03:52:08','2022-11-30 03:52:08','30/11/2022, 08:52:08'),(454,'https://t.me/c/1534416119/2423','2022-11-30','35','2022-11-30 03:54:00','2022-11-30 03:54:00','30/11/2022, 08:54:00'),(455,'https://t.me/c/1534416119/2424','2022-11-30','75','2022-11-30 03:54:00','2022-11-30 03:54:00','30/11/2022, 08:54:00'),(456,'https://t.me/c/1534416119/2425','2022-11-30','30','2022-11-30 03:56:27','2022-11-30 03:56:27','30/11/2022, 08:56:27'),(457,'https://t.me/c/1534416119/2426','2022-11-30','31','2022-11-30 03:56:32','2022-11-30 03:56:32','30/11/2022, 08:56:32'),(458,'https://t.me/c/1534416119/2427','2022-11-30','67','2022-11-30 03:59:18','2022-11-30 03:59:18','30/11/2022, 08:59:18'),(459,'https://t.me/c/1534416119/2435','2022-12-01','77','2022-12-01 03:31:30','2022-12-01 03:31:30','01/12/2022, 08:31:30'),(460,'https://t.me/c/1534416119/2436','2022-12-01','31','2022-12-01 03:59:10','2022-12-01 03:59:10','01/12/2022, 08:59:10'),(461,'https://t.me/c/1534416119/2437','2022-12-01','75','2022-12-01 04:01:56','2022-12-01 04:01:56','01/12/2022, 09:01:56'),(462,'https://t.me/c/1534416119/2438','2022-12-01','35','2022-12-01 04:03:57','2022-12-01 04:03:57','01/12/2022, 09:03:57'),(463,'https://t.me/c/1534416119/2448','2022-12-02','77','2022-12-02 03:44:52','2022-12-02 03:44:52','02/12/2022, 08:44:52'),(464,'https://t.me/c/1534416119/2449','2022-12-02','26','2022-12-02 03:54:49','2022-12-02 03:54:49','02/12/2022, 08:54:49'),(465,'https://t.me/c/1534416119/2450','2022-12-02','31','2022-12-02 03:58:52','2022-12-02 03:58:52','02/12/2022, 08:58:52'),(466,'https://t.me/c/1534416119/2451','2022-12-02','30','2022-12-02 04:02:17','2022-12-02 04:02:17','02/12/2022, 09:02:17'),(467,'https://t.me/c/1534416119/2452','2022-12-02','75','2022-12-02 04:03:21','2022-12-02 04:03:21','02/12/2022, 09:03:21'),(468,'https://t.me/c/1534416119/2461','2022-12-03','34','2022-12-03 03:45:48','2022-12-03 03:45:48','03/12/2022, 08:45:48'),(469,'https://t.me/c/1534416119/2462','2022-12-03','26','2022-12-03 03:46:15','2022-12-03 03:46:15','03/12/2022, 08:46:15'),(470,'https://t.me/c/1534416119/2463','2022-12-03','30','2022-12-03 03:56:34','2022-12-03 03:56:34','03/12/2022, 08:56:34'),(471,'https://t.me/c/1534416119/2464','2022-12-03','28','2022-12-03 04:01:52','2022-12-03 04:01:52','03/12/2022, 09:01:52'),(472,'https://t.me/c/1534416119/2465','2022-12-03','75','2022-12-03 04:04:07','2022-12-03 04:04:07','03/12/2022, 09:04:07'),(473,'https://t.me/c/1534416119/2471','2022-12-05','28','2022-12-05 03:36:51','2022-12-05 03:36:51','05/12/2022, 08:36:51'),(474,'https://t.me/c/1534416119/2472','2022-12-05','26','2022-12-05 03:49:08','2022-12-05 03:49:08','05/12/2022, 08:49:08'),(475,'https://t.me/c/1534416119/2473','2022-12-05','75','2022-12-05 03:57:19','2022-12-05 03:57:19','05/12/2022, 08:57:19'),(476,'https://t.me/c/1534416119/2474','2022-12-05','32','2022-12-05 04:00:41','2022-12-05 04:00:41','05/12/2022, 09:00:41'),(477,'https://t.me/c/1534416119/2485','2022-12-06','26','2022-12-06 03:33:16','2022-12-06 03:33:16','06/12/2022, 08:33:16'),(478,'https://t.me/c/1534416119/2486','2022-12-06','77','2022-12-06 03:41:17','2022-12-06 03:41:17','06/12/2022, 08:41:17'),(479,'https://t.me/c/1534416119/2487','2022-12-06','75','2022-12-06 03:56:55','2022-12-06 03:56:55','06/12/2022, 08:56:55'),(480,'https://t.me/c/1534416119/2495','2022-12-07','31','2022-12-07 03:12:50','2022-12-07 03:12:50','07/12/2022, 08:12:50'),(481,'https://t.me/c/1534416119/2496','2022-12-07','28','2022-12-07 03:31:01','2022-12-07 03:31:01','07/12/2022, 08:31:01'),(482,'https://t.me/c/1534416119/2497','2022-12-07','32','2022-12-07 03:31:43','2022-12-07 03:31:43','07/12/2022, 08:31:43'),(483,'https://t.me/c/1534416119/2498','2022-12-07','77','2022-12-07 03:43:52','2022-12-07 03:43:52','07/12/2022, 08:43:52'),(484,'https://t.me/c/1534416119/2499','2022-12-07','30','2022-12-07 03:57:50','2022-12-07 03:57:50','07/12/2022, 08:57:50'),(485,'https://t.me/c/1534416119/2500','2022-12-07','26','2022-12-07 04:01:41','2022-12-07 04:01:41','07/12/2022, 09:01:41');
/*!40000 ALTER TABLE `jobs` ENABLE KEYS */;
UNLOCK TABLES;

--
-- Table structure for table `users`
--

DROP TABLE IF EXISTS `users`;
/*!40101 SET @saved_cs_client     = @@character_set_client */;
/*!50503 SET character_set_client = utf8mb4 */;
CREATE TABLE `users` (
  `id` int NOT NULL AUTO_INCREMENT,
  `firstName` varchar(255) NOT NULL,
  `lastName` varchar(255) NOT NULL,
  `username` varchar(255) NOT NULL,
  `password` varchar(255) NOT NULL,
  `role` enum('ceo','admin') NOT NULL,
  `createdAt` datetime NOT NULL,
  `updatedAt` datetime NOT NULL,
  PRIMARY KEY (`id`)
) ENGINE=InnoDB AUTO_INCREMENT=6 DEFAULT CHARSET=utf8mb4 COLLATE=utf8mb4_0900_ai_ci;
/*!40101 SET character_set_client = @saved_cs_client */;

--
-- Dumping data for table `users`
--

LOCK TABLES `users` WRITE;
/*!40000 ALTER TABLE `users` DISABLE KEYS */;
INSERT INTO `users` VALUES (1,'Azizbek','Berdimuratov','ceo','$2b$10$wG0/1Rf45TPvPhov0Hdz1O2MyWItFJRCy08S/q86yjV2g2zZ2tIWi','ceo','2022-09-22 22:20:18','2022-09-22 22:20:17');
/*!40000 ALTER TABLE `users` ENABLE KEYS */;
UNLOCK TABLES;
/*!40103 SET TIME_ZONE=@OLD_TIME_ZONE */;

/*!40101 SET SQL_MODE=@OLD_SQL_MODE */;
/*!40014 SET FOREIGN_KEY_CHECKS=@OLD_FOREIGN_KEY_CHECKS */;
/*!40014 SET UNIQUE_CHECKS=@OLD_UNIQUE_CHECKS */;
/*!40101 SET CHARACTER_SET_CLIENT=@OLD_CHARACTER_SET_CLIENT */;
/*!40101 SET CHARACTER_SET_RESULTS=@OLD_CHARACTER_SET_RESULTS */;
/*!40101 SET COLLATION_CONNECTION=@OLD_COLLATION_CONNECTION */;
/*!40111 SET SQL_NOTES=@OLD_SQL_NOTES */;

-- Dump completed on 2022-12-07  4:36:17
